ID,ACCNUM,NAME,AMOUNT
1,17793188,Sonya E. Butler,28874
2,231720047,Upton C. Knox,8217
3,454277855,Whilemina L. Beck,50819
4,658302732,Lois D. Rodriquez,26187
5,305211591,Benjamin C. Hall,2332
6,452080065,Shaine W. Dotson,63408
7,676857125,Fritz R. Powell,16682
8,706456319,Yoshio D. Rojas,58341
9,982961688,Vielka C. Cervantes,56350
10,314864675,Wanda P. Coleman,47958
11,685525316,Cassandra B. Chen,32566
12,837832457,Marvin N. Macdonald,62069
13,529285329,MacKenzie R. Miller,40166
14,889200026,Jarrod L. Case,86337
15,763104980,Juliet L. Kline,34054
16,437260269,Destiny W. Holland,35906
17,268500062,Joy Z. Skinner,86467
18,704619838,Perry S. Garrison,95470
19,626609124,Armando V. Campbell,69119
20,754970509,Nolan W. Alford,16534
21,715652013,Ursula E. Golden,4841
22,684509173,Sacha X. Garcia,7366
23,937335283,Francis V. Walters,93962
24,742105789,Connor U. Nixon,11137
25,736507363,Theodore M. Powers,55687
26,144512634,Wynne R. Gibson,84041
27,795192970,Brynn E. Patton,98361
28,46359652,Brent K. Potts,30365
29,334103718,Hayden B. Lindsay,79582
30,92620176,Suki D. Mercado,65269
31,248689936,Norman F. Hansen,84164
32,266411308,Regan S. Warner,32053
33,699830514,Kadeem N. Wyatt,43726
34,555569793,Jelani I. Martin,63192
35,601661467,Kalia F. Joyner,15964
36,344855965,Ainsley O. Maynard,31108
37,2326245,Jenna S. Boyd,81079
38,217193537,Chadwick C. Hubbard,69356
39,368311170,Amos W. Jenkins,74613
40,671365661,Neil G. Becker,13180
41,712790791,Vance B. Sparks,80330
42,498644178,Rahim K. Hill,10830
43,29661936,Griffith O. Morin,12477
44,629529104,Jakeem I. Cardenas,46102
45,765421097,Haley W. Blake,99637
46,376672846,Gabriel G. Suarez,3811
47,593952213,Hammett C. Nieves,19236
48,123244231,Rooney E. Frank,8893
49,714856371,Kennedy P. Burris,27859
50,494474916,Erasmus A. Mckee,33005
51,569659883,Ferdinand H. Molina,85210
52,261996627,Samuel Z. Giles,75170
53,3050246,Kitra Y. Hubbard,82553
54,645149156,Emerson O. Wiley,13736
55,488583477,Leilani T. Kerr,97637
56,322791175,Daryl W. Franks,20717
57,72089044,Venus W. Ross,17587
58,985802239,Hoyt I. Tillman,16715
59,784738575,Britanney Y. Stuart,90179
60,576566243,Elvis Z. Wiggins,64265
61,876602432,Gloria G. Ayala,34267
62,603173810,Honorato J. Kelly,58615
63,189339767,Denton R. Olson,57112
64,813298684,Tamekah J. Ashley,81861
65,801181732,Kelsie Q. Mcintyre,67205
66,518186503,Alika R. Leach,17649
67,34548360,Brynn U. Patterson,32001
68,282116628,Katell Z. Bullock,24517
69,825026047,Barbara M. Blevins,30257
70,594868134,Oleg E. Leblanc,9202
71,863209820,Thaddeus C. Dominguez,93715
72,646277203,Maisie L. Stewart,87586
73,15938070,Gretchen I. Mckee,31503
74,582869227,Wade E. Woodard,26907
75,294706441,Noah R. Velazquez,65485
76,87433762,Whoopi U. Kramer,85395
77,616634768,Donna Y. Murphy,24579
78,633314591,Christopher A. Logan,92347
79,847133750,Teegan G. Love,44640
80,521799378,Jakeem P. Kirkland,14844
81,265495897,Lucius M. Raymond,82215
82,240174466,Clarke K. Bradshaw,43757
83,656313993,Wesley O. Mclean,11258
84,5224495,Candace H. Hill,25235
85,529362089,Destiny P. Mckinney,54352
86,861962944,Jaden O. Hamilton,96939
87,773818100,Colby V. Mcmillan,20893
88,884262142,Marshall Q. Pate,2741
89,22652069,Fredericka F. Dixon,89233
90,565268752,Clark S. Rhodes,25956
91,148390041,Quyn R. Pruitt,10584
92,531804963,Dexter A. Alvarado,84814
93,757522329,Buffy X. Manning,40859
94,427154171,Edward R. Simmons,96624
95,842764463,Preston G. Johnston,97385
96,145040098,Orli D. Duke,77423
97,557512670,Serena D. Banks,69108
98,271630552,Baker P. Knight,28673
99,666590268,Hyatt O. Ortega,89453
100,964388981,Nissim C. Elliott,97768
